{
	"credit": "Made with Blockbench",
	"texture_size": [32, 32],
	"textures": {
		"0": "mts:items/items/paintgun"
	},
	"elements": [
		{
			"from": [6.75, 6.5, 5],
			"to": [9.25, 10.75, 7.5],
			"rotation": {"angle": 22.5, "axis": "x", "origin": [8, 6, 6.25]},
			"faces": {
				"north": {"uv": [0, 0, 1.5, 2], "texture": "#0"},
				"east": {"uv": [1.5, 1.5, 3, 3.5], "texture": "#0"},
				"south": {"uv": [0, 2, 1.5, 4], "texture": "#0"},
				"west": {"uv": [3, 3, 4.5, 5], "texture": "#0"},
				"up": {"uv": [3, 1.5, 1.5, 0], "texture": "#0"},
				"down": {"uv": [1.5, 4, 0, 5.5], "texture": "#0"}
			}
		},
		{
			"from": [7.5, 4.5, 5.75],
			"to": [8.5, 6.5, 6.75],
			"rotation": {"angle": 22.5, "axis": "x", "origin": [8, 6, 6.25]},
			"faces": {
				"north": {"uv": [4, 2, 4.5, 3], "texture": "#0"},
				"east": {"uv": [0.5, 6.5, 1, 7.5], "texture": "#0"},
				"south": {"uv": [4.5, 6.5, 5, 7.5], "texture": "#0"},
				"west": {"uv": [5, 6.5, 5.5, 7.5], "texture": "#0"},
				"up": {"uv": [1.5, 6, 1, 5.5], "texture": "#0"},
				"down": {"uv": [6, 5, 5.5, 5.5], "texture": "#0"}
			}
		},
		{
			"from": [7.25, 4, 4.75],
			"to": [8.75, 5.5, 8.5],
			"rotation": {"angle": 0, "axis": "y", "origin": [8, 6, 8]},
			"faces": {
				"north": {"uv": [3.5, 5, 4.5, 6], "texture": "#0"},
				"east": {"uv": [4, 0, 6, 1], "texture": "#0"},
				"south": {"uv": [0, 5.5, 1, 6.5], "texture": "#0"},
				"west": {"uv": [4, 1, 6, 2], "texture": "#0"},
				"up": {"uv": [5.5, 6.5, 4.5, 4.5], "texture": "#0"},
				"down": {"uv": [5.5, 2, 4.5, 4], "texture": "#0"}
			}
		},
		{
			"from": [7.5, -0.25, 6.5],
			"to": [8.5, 5, 8.25],
			"rotation": {"angle": -22.5, "axis": "x", "origin": [8, 4.875, 7.25]},
			"faces": {
				"north": {"uv": [2.5, 3.5, 3, 6], "texture": "#0"},
				"east": {"uv": [3, 0, 4, 2.5], "texture": "#0"},
				"south": {"uv": [3, 5, 3.5, 7.5], "texture": "#0"},
				"west": {"uv": [1.5, 3.5, 2.5, 6], "texture": "#0"},
				"up": {"uv": [6, 7.5, 5.5, 6.5], "texture": "#0"},
				"down": {"uv": [6.5, 6.5, 6, 7.5], "texture": "#0"}
			}
		},
		{
			"from": [7.5, 1, 6.25],
			"to": [8.5, 5, 6.75],
			"rotation": {"angle": 22.5, "axis": "x", "origin": [7.5, 4.875, 7.25]},
			"faces": {
				"north": {"uv": [3.5, 6, 4, 8], "texture": "#0"},
				"east": {"uv": [4, 6, 4.5, 8], "texture": "#0"},
				"south": {"uv": [6, 0, 6.5, 2], "texture": "#0"},
				"west": {"uv": [0, 6.5, 0.5, 8.5], "texture": "#0"},
				"up": {"uv": [7, 4, 6.5, 3.5], "texture": "#0"},
				"down": {"uv": [7, 4, 6.5, 4.5], "texture": "#0"}
			}
		},
		{
			"from": [7.5, 4.25, 1.75],
			"to": [8.5, 5.25, 3],
			"rotation": {"angle": 0, "axis": "y", "origin": [8, 6, 9.25]},
			"faces": {
				"north": {"uv": [6, 5, 6.5, 5.5], "texture": "#0"},
				"east": {"uv": [6.5, 1, 7, 1.5], "texture": "#0"},
				"south": {"uv": [6.5, 1.5, 7, 2], "texture": "#0"},
				"west": {"uv": [6.5, 2, 7, 2.5], "texture": "#0"},
				"up": {"uv": [7, 3, 6.5, 2.5], "texture": "#0"},
				"down": {"uv": [7, 3, 6.5, 3.5], "texture": "#0"}
			}
		},
		{
			"from": [7.75, 4.75, 8.25],
			"to": [8.25, 5.25, 9.75],
			"rotation": {"angle": 0, "axis": "y", "origin": [8.25, 6, 15.75]},
			"faces": {
				"north": {"uv": [6.5, 4.5, 7, 5], "texture": "#0"},
				"east": {"uv": [3, 2.5, 4, 3], "texture": "#0"},
				"south": {"uv": [6.5, 5, 7, 5.5], "texture": "#0"},
				"west": {"uv": [4.5, 4, 5.5, 4.5], "texture": "#0"},
				"up": {"uv": [7, 7.5, 6.5, 6.5], "texture": "#0"},
				"down": {"uv": [7, 0, 6.5, 1], "texture": "#0"}
			}
		},
		{
			"from": [7, 3.75, 3],
			"to": [9, 5.75, 4.75],
			"rotation": {"angle": 0, "axis": "y", "origin": [8, 6, 11]},
			"faces": {
				"north": {"uv": [5.5, 5.5, 6.5, 6.5], "texture": "#0"},
				"east": {"uv": [5.5, 2, 6.5, 3], "texture": "#0"},
				"south": {"uv": [5.5, 3, 6.5, 4], "texture": "#0"},
				"west": {"uv": [5.5, 4, 6.5, 5], "texture": "#0"},
				"up": {"uv": [2, 7, 1, 6], "texture": "#0"},
				"down": {"uv": [3, 6, 2, 7], "texture": "#0"}
			}
		}
	],
	"display": {
		"thirdperson_righthand": {
			"translation": [0, 5, 2.5]
		},
		"thirdperson_lefthand": {
			"translation": [0, 5, 2.5]
		},
		"firstperson_righthand": {
			"translation": [-0.75, 8, 4]
		},
		"firstperson_lefthand": {
			"translation": [-0.75, 8, 4]
		},
		"ground": {
			"translation": [0, 4.5, 0]
		},
		"gui": {
			"rotation": [30, 135, 0],
			"translation": [1.5, 2.75, 0],
			"scale": [1.25, 1.25, 1.25]
		},
		"head": {
			"rotation": [0, 90, 0],
			"translation": [15, 4.5, -1]
		},
		"fixed": {
			"rotation": [0, -90, 0],
			"translation": [-2.75, 4, 0],
			"scale": [1.5, 1.5, 1.5]
		}
	}
}