{
	"parent": "mts:rtfm",
	"display": {
		"icon": {
            "item": "mts:mts.seatbench"
        },
        "title": {
            "translate": "advancements.mts.seatbench.title"
        },
        "description": {
            "translate": "advancements.mts.seatbench.description"
        }
	},
	"criteria": {
		"has_seatbench": {
			"trigger": "minecraft:inventory_changed",
			"conditions": {
				"items": [
					{
						"item": "mts:mts.seatbench"
					}
				]
			}
		}
	},
	"rewards": {
		"recipes": [
			"mts:fuelhose"
		]
	}
}